ch1_wl,ch1_mav,ch1_ssc,ch1_zc,ch1_var,ch1_sampen,ch2_wl,ch2_mav,ch2_ssc,ch2_zc,ch2_var,ch2_sampen,ch3_wl,ch3_mav,ch3_ssc,ch3_zc,ch3_var,ch3_sampen,ch4_wl,ch4_mav,ch4_ssc,ch4_zc,ch4_var,ch4_sampen,Label
135.78427560426996,2199.3706121780288,1341,22,9446967.570739403,0.12189588358066168,90.64764238330035,1749.375468562143,1335,18,4254884.0050973715,0.1062003199422473,69.40338664310622,1477.3968774970808,1345,18,1525184.3020051701,0.194637779637923,91.26976147567353,1611.90370242229,1329,14,3327851.504815652,0.13724565294756294,1
133.57961261688632,1901.6937223575724,1334,19,6621200.9527393645,0.14364642139463438,62.49240819761541,1425.85890366962,1344,10,1406755.728780791,0.17221270056467342,76.58538556035178,1530.8879044276482,1334,13,2325454.153042229,0.1380087872960888,46.130782004206175,1480.0463121647583,1346,8,1535982.60577032,0.12497278556200464,3
176.6017638957242,2746.269213730635,1340,25,22215214.269270275,0.0782544468842796,112.07996190815993,2104.9403431024575,1350,15,10152897.838976676,0.06964703051381256,78.08559591806294,1559.6153711639702,1338,10,2747568.4760721833,0.1270763216908932,114.93496711726188,1882.1519790969483,1342,19,6242889.95301221,0.11786273099254066,1
151.61181439834536,2281.3870482465945,1342,21,14514108.449163524,0.07393652444888583,107.89935398846825,1894.0544808095574,1342,15,6504056.647641497,0.08814694821439756,69.13758300275303,1576.066571303019,1336,11,2633262.0162644885,0.0781760698326133,102.85262848381517,1707.705203798561,1336,17,3766955.8252140875,0.11338684619814282,1
96.18838087726678,1580.724412770444,1335,20,2354284.9651772096,0.22454801979126038,46.914652878335474,1305.3473653365857,1345,10,593690.8108770903,0.24728580521749838,56.09088877250334,1447.8380595991034,1334,10,1128439.4552194837,0.1631078120934481,41.935357651463676,1366.2611058946204,1347,4,1049918.3002301676,0.12840916384682968,3
192.59229644641454,2488.2366693966155,1341,29,13536491.396187594,0.14525832218171458,167.21533378412343,2146.947297381701,1345,25,10569952.808572656,0.14368487995126258,139.37178480259126,1947.646712459906,1338,26,4542002.228141342,0.15331072397749,199.30294286832728,2670.843902941104,1348,26,14630579.25246267,0.1635967891115829,2
170.81171700150003,2273.796301081232,1336,22,9960021.040121298,0.12954669981403696,131.0740222472287,1865.2385035814102,1329,24,5467178.038883965,0.12347031117983019,116.27774769531814,1727.1480015840834,1331,21,2865891.8774728877,0.1498912804779965,167.0338853663547,2053.583834014983,1334,28,7817316.570699411,0.14262114634570933,2
174.41379637996343,2077.567479989267,1333,32,5879588.908237731,0.27967570493786,139.069376217168,1817.905843840886,1337,32,3921071.3425386953,0.26384817797079296,118.14106862565353,1575.2074176165163,1322,30,1933682.8412469495,0.29418491746395997,158.49041750586983,2021.0768607687442,1335,30,7428464.390555165,0.21715098343661066,2
210.7263290412972,2426.434002059655,1339,32,14296202.050567392,0.17106462412220663,182.86097968414597,2136.614137726152,1331,28,23117890.764021106,0.0975518668860623,152.13266537963875,1858.9380144804677,1325,33,6357308.017390869,0.19741669482221275,208.02586440481628,2417.6712819195914,1338,38,14732745.956409283,0.19354840707760054,2
89.03069575182036,1501.6112787174047,1341,20,1381268.557841832,0.2430333498646837,42.83315312795682,1308.6686568610155,1331,8,388952.91521938186,0.23952099633460472,51.33729805284401,1335.1093699204368,1339,10,459065.8844525814,0.26432146978286375,39.90814030300565,1341.3214124853343,1345,4,634129.6558998706,0.16412696707992935,3
112.2110167800838,1593.883753349447,1342,25,2423071.16692219,0.1754515915325907,54.91966240994564,1353.170423751656,1342,9,784487.8123284626,0.1903370720959955,64.53006385251946,1332.4366890653296,1344,9,686869.0381593071,0.22944400311259783,42.22959723620162,1386.2799639083391,1354,7,1067647.7134490798,0.12086822174552352,3
83.65127162614178,1601.378830778141,1338,17,2523742.249955974,0.11717284011186674,43.98876696989879,1319.892169155333,1342,8,788025.1858305044,0.1624662373690886,45.154291117472354,1355.2795456490014,1336,8,633595.7864031994,0.12315495344693553,46.88152745449638,1331.575891130398,1346,8,1007490.5134288572,0.16502960948703385,3
126.27019393949993,1944.7571534279582,1334,20,5578341.686737346,0.16275559151938918,88.47758079557606,1695.1971051411724,1338,16,3160109.2256448343,0.1510520594727867,54.53576242642141,1347.9837049939247,1333,8,594451.1539121543,0.2902486651798995,97.15680076294191,1606.4947727108897,1344,18,2162846.5925330375,0.25440330574219655,1
173.7453345815809,2325.938376981831,1344,31,12773892.317422666,0.13730428609082734,141.44872952151098,2024.1992638702804,1348,25,8272135.064786832,0.14111042933951456,93.37923667906841,1565.6795306195027,1334,20,2096049.7912006679,0.1318416732662745,198.99302387094767,2761.873501347368,1351,21,20746817.345206417,0.1047302193617227,2
110.07574274229198,1761.6041360564031,1341,24,4229984.639039761,0.15761625917986719,56.48419869262807,1407.677339990555,1347,8,1132449.2388620258,0.16291571764966858,59.91444073624962,1428.5501153705015,1331,8,1376164.7803708476,0.1381374652952121,44.83098949727485,1439.5422598645694,1348,6,1421934.4215256318,0.11738070380613885,3
100.97585716740933,1984.913491458612,1351,14,4725861.529596981,0.15124638419595504,63.37337221498675,1597.7486941942298,1351,12,1934141.035691042,0.15208573369267803,48.28214214528778,1376.0185596839099,1351,11,904751.3726565421,0.1778279357519797,60.62475332867485,1532.1371119978598,1346,10,1545461.1518277342,0.16654853686092808,1
106.35803069844823,1596.325171590333,1337,19,2833765.0233908417,0.22194589634631381,53.36884262081758,1305.1164657515676,1342,11,693939.511810291,0.2681065378843802,60.23985526408855,1372.445166536094,1335,10,982430.5056008811,0.2110904723878239,40.174293308689435,1430.3863282734758,1341,9,1070021.0883500814,0.1173964718223719,3
150.0768461106195,2157.566916626361,1341,25,7446596.923324656,0.16298415000415947,109.75444874958075,1834.215448360906,1340,23,4174901.6906097196,0.19249732472276782,104.8411813558444,1582.1901335682935,1341,20,1926369.3061363078,0.20552145569872393,139.40927191078657,2149.5805850586703,1342,27,7147696.152803291,0.17563678937418759,2
88.28098664513622,1525.7317905537116,1339,16,1931757.902537398,0.20499205359138029,42.68492398387306,1329.333965650989,1345,4,548429.4208232517,0.22740863371677364,52.14714770974614,1364.5666536132271,1334,2,659848.7083735147,0.21598012007055037,37.7198267297864,1409.9599278719654,1343,4,992848.8103297054,0.10949217905911167,3
135.099074605504,1744.1439229814755,1332,27,3284458.5563192586,0.25023077393796633,109.75520351833498,1548.4578909107624,1338,25,2115018.8227754054,0.2665263613498208,101.03384277818142,1513.0704358200103,1341,28,1838041.0149765706,0.26207054995588275,130.70797009474617,1858.0688057016507,1331,29,4034404.423243911,0.203888388148,2
155.82025396593892,2135.4634530329513,1340,26,8841545.893928416,0.16267693857014504,118.1432390517892,1863.1042667969646,1337,18,5284799.284222632,0.16217087420287843,122.96265809167792,1685.670368753629,1337,26,2895959.4906452317,0.20792300283529672,149.38417687652228,2170.5014527903736,1340,22,8438648.344471151,0.17531634651450217,2
101.05261441213632,1734.8470042970814,1340,22,3902046.3047603476,0.14070366561190195,50.7209348306744,1392.0836613434835,1342,8,821596.2112247812,0.17739585460609414,56.967940813067024,1467.5706208524168,1340,10,1360942.6005293343,0.12518781273302546,45.904039912148406,1412.8426410051993,1353,8,1162055.2688123917,0.1352453316281196,3
90.53240714463912,1961.70560532731,1343,16,5059103.241782939,0.10438070114582056,59.50031000718148,1624.924782208535,1341,10,2129033.2075846936,0.13114000049244692,45.739140965810286,1416.8546179680102,1345,8,903302.3302833433,0.1281389706119728,45.49459131056842,1409.536455853983,1330,8,878573.1014811775,0.14533667373439677,1
108.67453665881821,2003.6295806268988,1345,17,5815995.326482969,0.13454060597965575,77.28946998088126,1723.2520828006702,1348,12,2968097.9968327642,0.1296736796681072,51.25079706937728,1338.9845768068915,1339,6,752807.1082842055,0.2229340556249044,83.33268458579906,1556.3148111377684,1341,16,2151950.8106269734,0.20851451078580763,1
97.34062806172612,1823.0492547434742,1339,11,4834700.103888776,0.10812259866593106,65.0489230032825,1591.7264041535652,1335,6,2352834.3564900705,0.11408845245944876,48.76054156722563,1338.7931281779017,1339,11,660980.6692798418,0.20545321019263696,68.93026493333036,1434.260685985705,1336,11,1594516.100630028,0.21757760707908752,1
132.43312796882478,1921.3455126108815,1339,23,5763508.930988833,0.10646125939876383,80.20673637157759,1608.429572188772,1345,13,3261591.313256483,0.0987703030832903,65.66491441494004,1519.9316899381429,1341,16,1522482.8592087857,0.14108213049953972,66.38345575594023,1569.6955120766595,1346,11,2327632.045314428,0.11414735344429275,3
172.67621845830598,2553.9702713010934,1350,22,19285931.660222203,0.0830297077733345,109.10678248236185,1966.0043691585226,1352,16,7534746.551060689,0.08182691565219247,78.72274372197337,1654.3965697943952,1345,12,3524630.6273098933,0.08442359469210517,90.04521694054678,1712.4161704274534,1350,14,3737471.1415486103,0.08530459091038328,1
146.41187429576635,1973.6889524641433,1341,27,5234069.669720235,0.2297686365529567,114.01307390373341,1733.3083923401168,1340,25,3414130.661209773,0.20966573967821808,113.35975107626327,1647.8373859803587,1341,23,2414743.186871854,0.15857039628412586,155.84353902190546,2299.1087877729055,1346,27,8564763.462702509,0.1842770659010906,2
142.58484773906352,2014.6493679628118,1335,25,6046639.89707692,0.1820473854083739,117.35830309568463,1738.134253570347,1346,25,3775616.8765898617,0.21153285191159762,109.49416453726734,1669.7773257680797,1335,25,2783089.66160502,0.18527831943182976,156.58670393873544,2179.6759646261244,1344,27,10292673.113043092,0.1517956687152719,2
125.92445071748412,2452.9164743393926,1343,14,12117162.0158415,0.09475131879241985,87.04285529860357,2039.7771021307447,1353,14,6704308.733530048,0.09804002204381211,68.39260609694787,1641.8153585128732,1346,12,3186388.4983844445,0.10078748838002265,82.11462329117259,1788.7264614642638,1351,20,4691480.382783151,0.09446047404734004,1
113.15710083579046,1606.5952840187786,1341,22,2393136.7003556257,0.2527182167484851,57.5277860781735,1384.097448699698,1331,10,1083356.327944741,0.1739471225319354,72.36248240189005,1399.2658890652892,1335,19,986689.4303727675,0.23998044959503223,74.77109691709354,1469.4777262773885,1346,16,1824821.3706705826,0.18797530034593113,3
144.4051462669172,2457.4731661397473,1349,20,12570438.222626599,0.12134044437470187,115.90025616771172,2467.0480541560405,1352,16,12041472.893858217,0.08291701168111433,82.31875144061189,1834.3880666891412,1345,14,3538282.4583414895,0.14947581465217075,84.39776949781945,1863.1740046323853,1344,12,5340933.376014524,0.09347297777096594,1
106.68908159312164,1976.0452428740243,1344,17,6274314.945776668,0.11596716503153426,74.29282299334298,1792.4440387926616,1346,15,4311008.374809769,0.11440726786699618,52.24057626860863,1485.2824557554839,1339,8,1194906.814620111,0.15048168226469896,86.97141175664076,2074.849403307685,1347,13,8284411.599862863,0.06902305168214191,1
178.52205973033682,2104.3787768671023,1327,32,7768847.111704829,0.1795758988488203,161.9604767468221,2232.0414126257215,1321,26,11246802.30841402,0.12781118989006707,146.67107790749495,1969.7351677407055,1326,31,4845172.298734673,0.23080226178951022,230.35199991374694,2447.0872088685383,1321,40,12069293.906309541,0.22624161298926568,2
128.1145973316767,2134.2509774337163,1340,19,6672755.190052936,0.09310827119627199,115.05514235521696,2051.3612379784695,1343,17,6511358.828783024,0.10083373911240301,105.68998589422071,1698.4729697265443,1336,21,2843452.721572396,0.15605080752976466,166.08976866093454,2340.1477663773962,1336,17,9027197.867107058,0.10513833245611241,2
93.13764702408407,1608.25444794085,1334,19,2354203.3082644297,0.16606089288041564,63.12098686042323,1481.8744999544153,1344,9,1578808.9638983852,0.13553124691948953,78.13045534996398,1625.1251809804721,1342,11,2884633.869007056,0.10949816950363321,49.39163911431563,1308.0298827994093,1338,7,476316.7934593779,0.264522144934279,3
110.83879032123244,2042.4758025932251,1349,17,6438323.864024914,0.08861689613455767,111.2290440057919,2685.3980093199198,1363,15,11124978.244534845,0.10228654460586167,70.39438606351013,1651.1966500463932,1350,16,3234385.5742651047,0.1405250673061245,86.63819128340042,1750.9807172124606,1352,17,3374798.513581176,0.13120652987584716,1
87.9460512172585,1623.6609242379436,1343,17,3602654.964334052,0.1499517619019775,92.55109156849637,2658.619996296468,1363,15,12167603.063413646,0.08518338485827465,88.79766273923947,2213.5670048885704,1352,15,8072252.23699233,0.08941352241664002,55.56063740658121,1540.2387570106907,1349,10,2477627.25672862,0.0915826726680515,3
167.53891179582698,2404.7911901689026,1347,26,13610604.50623893,0.0908498286323583,126.63824217569696,2063.313111329655,1346,17,7794871.832637104,0.09054458350069337,138.69101549100102,1988.995653747442,1343,20,6778504.521997976,0.09235554428284412,210.9123817330392,2683.919905264014,1342,25,21542421.70992662,0.09918306416242309,2
120.8935417031711,2111.4715121640647,1342,21,6042326.747097162,0.10320427697277701,98.77642119533486,1686.8852134807184,1340,21,2302510.3519560434,0.16563869182292829,89.2820059459556,1684.7465175555778,1330,12,2726277.5163368615,0.10516553619443214,158.39323150002264,2095.44560611582,1341,33,6768382.990980449,0.18219945226677764,2
98.13194772756195,2227.3637012622717,1352,15,8145531.049887765,0.11638991546171625,62.5459886863324,1682.6898129291885,1353,12,3055427.3452919913,0.11859257342453645,49.735817633497184,1444.283855855633,1352,11,1911682.771921697,0.11021818696794608,56.38606346469699,1493.8601645411622,1345,6,1455466.735278616,0.14319800878410274,1
89.74831231958588,1599.9929605347197,1334,18,2028029.168594392,0.2194738224252473,84.83245777192967,1953.249523060096,1342,8,6171718.4744649045,0.08147756105944101,86.75450776740153,2243.5248656376602,1347,14,8812626.194043428,0.0714771316575459,63.152962627165905,1383.8852062243632,1342,13,949956.1338093969,0.22805941581661351,1
92.51097171559,1667.7175671043187,1340,15,2844687.8398415702,0.1434477906266657,50.95249809889641,1604.1584351054978,1360,10,2306302.254111185,0.10035521746967833,65.91968816702644,1535.556741390095,1343,12,1741011.0064792708,0.11822182564855716,40.91688066517139,1328.211180630988,1340,4,515826.40924232005,0.17450525410960874,3
87.8482612990012,1543.4047100998039,1348,19,2256895.0419692392,0.17720723576295602,49.565757978321926,1565.3788284163672,1348,7,1900706.7875584261,0.09920111031232476,61.25048132120396,1570.0538645308056,1350,9,1937398.0688878149,0.15755686371505323,35.656948384007826,1297.6661292142987,1337,9,593846.0106824887,0.17775671983437472,3
82.90949200248923,1550.9886691457107,1337,14,1503415.3371963378,0.18220315521512856,81.943072902457,2044.3391053803255,1353,14,5573221.814352103,0.10895906526348989,74.8600401175168,1820.8546509211033,1356,14,3725848.980910166,0.13643967750548913,43.78361063519438,1553.0091249921386,1346,8,1797305.210406102,0.1111948554211232,3
94.71738127074471,1542.623632640304,1329,21,2111938.6652861084,0.19130323387983528,47.83491821550313,1451.2416203214882,1352,9,1241374.3621772248,0.14673256724099723,63.321994533238914,1475.0656284100378,1331,13,1368973.9068022538,0.18402389483535941,47.13287262528205,1410.5698361997215,1352,8,1163416.3786457065,0.14784856224818232,3
64.9853838651917,1423.584303480545,1342,12,1114609.4521525607,0.18607642612751232,32.51167773568556,1376.3482834501888,1345,2,553597.0578241311,0.14176640920107011,48.56523906506782,1507.5877718085164,1344,14,1578755.289245546,0.14302806711641586,35.64613981314241,1382.4695358686697,1337,6,745880.8321619286,0.0983616414765669,3
161.08502408727227,2169.4098721960777,1337,24,14869780.901229436,0.10800108668402689,130.1815177772401,2033.0552648266917,1334,20,8687015.933234982,0.1115729666973676,110.85129172076424,1771.2611345666492,1331,20,3775557.0780135808,0.188039053838495,164.1034443760666,2136.1772051692055,1332,26,10600834.557031704,0.1425236018945668,2
128.02973410211405,1859.038772884865,1334,24,5571051.374185188,0.11025775803582138,133.71476867084715,2221.83413375216,1348,27,9502949.337259611,0.12355698707757586,125.00582963572108,2177.615430152781,1344,15,7777408.969313419,0.1425571134881607,174.5494218725124,2199.3429438577646,1342,25,8356311.522703289,0.18835543889703232,2
93.49056509944106,1818.492084704259,1345,12,4046700.4545190292,0.13433324159603036,61.82439284748987,1594.1990611721083,1349,10,2353706.190122178,0.11240822476794744,43.02616790526118,1383.5029135152222,1343,6,636731.0279365351,0.13915235914861726,54.32919477087822,1447.9621491557614,1341,8,1237823.7469846848,0.12172334139460166,1
88.66828159375606,1690.9974893629478,1341,14,2980495.1388807897,0.17103259451923924,42.17066773729383,1343.3200889735995,1335,4,544208.3970693029,0.18485892938677428,61.56586620380843,1589.8674691100591,1346,8,2174477.0219305963,0.14175115569502567,38.56699643390549,1324.0871173676235,1339,6,605569.7696788906,0.17780594776722425,3
122.34765567763182,2352.2304318316314,1348,23,9635642.453951852,0.1080550547576677,73.01980233056945,1892.873166917651,1344,9,4606790.709975093,0.08677857938818445,74.27675124295176,1637.958211564383,1343,15,2809021.378866706,0.12930709836104198,54.29380726109313,1540.9409205993736,1339,6,1462580.659991922,0.11594758339053593,1
84.68394672626793,1918.9812791704044,1343,12,4736496.74084423,0.105192073083277,57.787028290075476,1679.1791057750206,1347,8,2723750.563919778,0.08897253942549398,42.01853610079908,1355.06954745542,1347,10,627828.4404929499,0.163004558716638,49.19471261006235,1383.5588806383385,1349,8,723532.3958993047,0.18486201212835565,1
139.2218146915244,1775.869606764983,1339,31,4172404.3573705754,0.22348329612059564,111.4502573671766,1773.462742105378,1335,21,4130633.759741745,0.15080097614180862,95.1862889317224,1700.5079260991913,1337,16,2467701.2592923497,0.22160069505669533,167.65483654049814,2169.068555850551,1342,31,7552582.940494036,0.24516293438179254,2
59.02917824117307,1372.9868273088941,1344,14,989447.5113360982,0.20141306832438746,30.286729617652718,1327.1572837089718,1354,4,476704.8227937468,0.16560228980124442,41.089587113878615,1320.91621357615,1339,8,502730.48644842184,0.20882746597384394,28.37109730861028,1280.5441311957316,1337,2,246885.78178203446,0.1935809390683062,3
137.83630509859668,2117.4354266320283,1337,21,10099825.76115039,0.08717707066331158,108.82147577391112,1819.0338621047329,1331,15,4652887.930542318,0.1239670554545415,105.4954646734064,1792.6621493766836,1337,21,4716762.97847663,0.14917043631410903,165.81821628863244,2151.9459712770945,1338,37,8308251.549488977,0.18177984834869043,2
91.61745378092847,1746.2558185790397,1338,19,4156960.9418260125,0.12928859636138298,70.1670023821282,1499.8707235012623,1334,11,1954565.5245721766,0.1419614606399624,53.99838172136901,1470.987481850261,1338,8,1198508.4137127758,0.14678246728735045,72.02629731157613,1504.5499171931938,1330,7,1577954.5502471318,0.18172186110287336,1
106.88228372489134,1615.3934997481654,1333,26,2453466.108846698,0.2243723556417488,91.31415027447423,1562.5340503198042,1329,20,2221118.598546805,0.17122586520298277,74.42056127806057,1490.1014550374164,1325,15,1570513.7082858183,0.20026258870742158,124.57249242157816,1881.020053686094,1327,22,5294472.192059952,0.16445406929576653,2
64.34175830331846,1537.5366707521605,1342,19,1993080.804214388,0.16160381261779144,46.543660869590084,1403.7590297479157,1341,11,995773.3515784395,0.1654063619008131,31.17973369374549,1330.4881162971371,1348,4,567230.7476816816,0.13276633361688944,44.59626605747636,1402.4901297251354,1346,4,780881.7916700951,0.1342131372619079,1
209.9146186153228,5009.965021460728,1350,13,49621607.65791832,0.06113096326691788,187.75253256434482,4906.687965315208,1354,13,48766252.93536306,0.05246751257382838,161.8872591428835,4615.944996840139,1352,11,45957174.61046428,0.04723044575357679,226.12126825638634,4903.381915477628,1350,15,49369028.81820867,0.07467151781916506,2
81.51620737476452,1635.4303547482882,1344,22,2711686.915569898,0.1256766651319931,51.94194918722712,1439.0125633581783,1339,8,1101044.2649429997,0.13693904849202965,52.05005303568868,1518.980729057271,1340,8,1897027.9848527526,0.08660524620634297,58.45954392059024,1497.034902793655,1339,9,1378724.7402620441,0.11832598351125806,1
93.22767987668138,1833.5669219133483,1339,17,5216228.229230608,0.1226279758120702,63.30091896991998,1559.0805768736977,1337,9,2730456.03276861,0.09302852080965493,53.07154253578596,1525.8388808824145,1341,7,1607123.8610975237,0.13565730083575495,57.808027084775674,1556.4133610104939,1337,7,2519563.0278622485,0.08432665110166059,1
71.94305259343699,1486.7143664431776,1348,14,2327875.15386189,0.13395034009821027,56.25191963625353,1598.4626846540084,1353,10,2578161.521679264,0.07554913261516771,41.74732747149042,1547.2779925028897,1344,8,1761224.112664131,0.07643056642189139,50.814699167802516,1449.8883884550326,1355,8,1323213.0892271926,0.1271724411113057,1
106.40754431589474,1787.9193203581913,1342,15,4253515.991895046,0.12830598111946023,71.17917556906912,1527.4137133370264,1338,11,2259506.9056005194,0.13713542455692482,61.83443212856546,1585.4440372026029,1332,10,1881362.1708809624,0.09280275233917666,64.66788122182942,1490.9993627192296,1341,11,1504671.954948849,0.16289157825716175,1
109.66407950449829,1482.6350113732321,1339,27,1739676.4238287923,0.3018528063334555,54.39849458986715,1345.111039402715,1330,7,769907.5789906018,0.23607830564165028,67.79499626712416,1377.005054179153,1337,13,878411.5946250465,0.2856865564842643,50.288208467321695,1361.3876066251928,1343,13,1031010.2653343255,0.18874561070939766,3
79.96794974833564,1440.6357238950281,1336,15,1546335.9699244413,0.20024239101174746,35.22086042367953,1282.1060925308548,1335,3,240635.20791423818,0.24084519324969306,51.83064375232155,1345.432812061182,1335,7,741159.8183367344,0.19793104022526126,37.89379320095226,1313.0058575306045,1336,5,703154.4660402809,0.14127279836582987,3
165.5836612592741,2337.5060489698467,1341,20,18196099.603352662,0.07748710242414786,104.03356888093353,1773.5150901633992,1333,18,4509516.176862959,0.08905294096878474,112.62403462028867,1900.114154487175,1340,20,6986298.495333616,0.08487380221820089,122.8012155339275,2097.711615580812,1344,20,7672745.562868236,0.12362050110765882,2
94.80069456535757,1617.0856927746595,1337,26,2559299.7880606195,0.19477090457315366,43.57527050174436,1321.686663142705,1328,6,410878.66631064867,0.2334309049237925,61.57463001623723,1499.5239885687329,1349,12,1551539.0904186757,0.17734284497876274,47.06237984798272,1389.505845599717,1343,4,853759.3161529729,0.16547035290195333,3
93.1232905875835,1563.12757726814,1333,16,1807909.1829539414,0.20557856597111474,53.24686282569362,1339.2721658421824,1339,11,663623.4411555586,0.22292226804979728,56.74052442687488,1392.243649544372,1333,12,766432.0714235863,0.21245814324917492,64.65550264611822,1345.297752225521,1333,17,839301.4737708551,0.23589825085172783,3
91.91966675980677,1780.4213847166186,1339,13,4170294.3830811935,0.11386614700639466,70.88442489815233,1598.727898584266,1349,14,2965446.588973638,0.0939003160126626,52.12356271436933,1533.8614525440848,1350,9,1777424.2181494103,0.12154982581099977,56.377418082668775,1397.2326671610276,1351,8,1307753.8141490403,0.11993133829890391,1
80.82062108805908,1634.280272350914,1336,11,3212136.883275534,0.12310684318609062,57.09607310708393,1461.3587441950724,1341,7,1540208.9374457703,0.12245350080640148,44.602223803945755,1410.0085110652903,1335,9,959975.2491288821,0.1379710581495982,70.91750937237926,1483.5331211137961,1330,16,1730531.9445689076,0.1782172152023567,1
84.44673720026309,1638.6079681357255,1347,16,2329259.4750686195,0.1425490334493724,38.15557142630731,1357.5847588668146,1339,4,565226.110730548,0.14025720550493553,52.23196647675706,1372.4620220114512,1349,12,756677.7430329061,0.21819062433844208,34.44410938260439,1355.498497771109,1345,6,580279.0761709269,0.14815899294771473,3
108.60949116590749,1761.1228759844755,1330,15,4525596.260632748,0.14319168657619963,94.09766678216764,1544.1311846026533,1337,21,2053288.0531669655,0.2296387399427329,90.3290123667577,1506.1034985317397,1338,19,2144764.45395758,0.21944007024207274,129.93328609401306,1816.9236929974675,1338,29,4196703.723827238,0.2165119965962797,2
132.26137527905942,1928.3885495392112,1327,22,6647843.137204557,0.14468788222692328,123.94960040478556,1796.1974995755154,1332,20,5055393.0923604015,0.1356853628244227,107.74197175483165,1587.1471084048987,1324,23,2719332.299208855,0.2158365508180124,180.19249993846927,2291.1103457395857,1340,32,10375169.74219315,0.1994538272398618,2
106.22228496578319,1679.163203709681,1330,15,3101837.032079909,0.18593875892999914,94.94408519553076,1526.2262106552034,1333,16,2184382.070724592,0.20870151180567797,91.8528481749611,1492.7369152413523,1328,22,1791722.308247172,0.2124911976504383,148.81803284276876,1939.2153591755957,1334,25,4931319.33994397,0.2120562803619535,2
128.86055458395862,1873.4356975653934,1341,23,5552965.037872764,0.12095990424049921,104.71001083897103,1688.8766057833463,1331,21,4127007.8829753664,0.10397620882820117,112.22352270053997,1651.3347844829825,1340,22,2960682.633586173,0.1880958650386214,143.90463169899004,1920.4240982025515,1349,24,5322797.164614352,0.2085333629551323,2
64.78129152568825,1388.712273080162,1339,13,1053443.730344075,0.251961556054579,34.422788742336174,1274.4218045944751,1347,3,290957.69532870536,0.2718856796219797,43.0344082476851,1336.620466111453,1342,6,712361.103131945,0.20837704885061908,33.90119007081181,1333.9331081638195,1344,5,723897.507227194,0.1445742652764098,3
91.34507573729093,1563.0794334225495,1342,16,1793715.5230314806,0.1772207248209569,39.63580461285857,1315.0121364264774,1337,6,331436.44746115163,0.2394125999398481,60.638082801126004,1463.5947342118354,1344,10,1098580.4167678892,0.18596683768300443,46.46831237764233,1328.5166725857637,1352,11,619480.3345520193,0.22175166944248592,3
141.06118315948353,1885.7230990502449,1327,24,4000255.749762177,0.26150862199734615,121.01590347542408,1744.2360883230936,1333,26,3836501.8493322134,0.2090565429325762,131.6514647496702,1613.8229151809621,1330,31,2219479.4236827674,0.26228220629763466,190.2980682708339,2040.5844455641122,1334,38,5311825.0113291005,0.29032711595216876,2
82.79814209800011,1451.076501939123,1331,24,1199642.0658594621,0.20744717612885089,41.949150920959276,1315.5704824717798,1335,6,397815.0097136073,0.25153646435258725,55.817748336427115,1400.0910011868439,1338,10,907458.8876225421,0.19792174125977738,41.62639014457678,1303.1381461148071,1344,5,679903.3267564236,0.1859465766049485,3
90.79924670309346,1493.773293737226,1331,18,1763344.8442704168,0.2243066761010259,44.17672466685726,1359.8232153750414,1341,4,445606.9702159167,0.2498911510653464,58.76228966418174,1388.533266431746,1331,10,1016738.9269292373,0.1932539998197498,40.470078755782474,1287.2368459134177,1334,5,361533.5229013566,0.25526569787556763,3
116.91996889920676,1923.6591204834763,1343,24,6246758.347988894,0.1265332816341646,73.70914938978021,1598.8313519049796,1345,10,2443572.393394058,0.12499981513466107,68.6300420212281,1480.0413559328579,1337,11,1630676.1664028005,0.1790208973397965,104.23930058384725,1626.4243712370503,1341,21,2229964.537145403,0.21814336195337633,1
102.65105376046388,1776.6353654381587,1338,13,4200533.562177236,0.11023245909858884,76.96242760580961,1514.6102813911073,1338,13,1992465.6008353662,0.1208002494961542,51.31995334874346,1499.4048500995943,1338,9,1526635.9463395772,0.11558281474678102,79.57365390855033,1469.3147310167794,1328,9,1648302.495303608,0.18395759233792805,1
142.79623969436145,1756.4573743667909,1336,31,4378187.701072658,0.18457172372294187,109.31651702652802,1614.1570538826627,1325,21,2216567.2257951708,0.24309401111383908,113.34444750841003,1522.2123263873536,1335,27,2277264.2024203655,0.2212432064326205,143.690900693842,1663.7230057593463,1341,31,2576334.2582969433,0.32088475914897496,2
143.5769477581178,2177.389417732354,1337,20,9009164.374291671,0.09824627180776888,116.79420668588719,1791.2569242746902,1335,18,4349901.802751555,0.14674140571152883,112.13199761113701,1779.5979656988293,1330,18,3114519.736209989,0.14633136287852913,122.53140701312347,1893.1943865527871,1329,24,4094891.5979727195,0.175461846820111,2
91.78555684418646,1557.0382659939676,1328,24,1631702.9189515954,0.24647361506525395,82.23712733243435,1473.1685508224466,1323,18,1303097.9912315807,0.18238076634644637,78.83898039472847,1434.0341140050186,1333,18,1056870.2534178626,0.22981418959365488,106.39103930668954,1710.5839932733575,1338,16,2607092.773632309,0.21392018495753656,2
114.90731718537538,1647.9191152698993,1322,28,3289435.389913657,0.16706719257600075,99.08252551149066,1511.4544820301207,1330,20,1872661.9473505013,0.1877849030160525,91.64242548720182,1487.6473194138607,1327,24,1670219.0305414884,0.2298887937919362,143.48223644233298,1882.6282023502813,1333,25,5092741.392518304,0.15688625841560835,2
88.44261462998314,1571.2043915567367,1339,15,2661420.7986973636,0.16624061353720462,58.28919642989465,1408.8490974622189,1339,11,1431667.0931673145,0.14177514937767557,54.15014439877004,1480.0066929793352,1340,6,1405014.721191165,0.13321347982065898,68.59930440463422,1414.0345229772367,1342,11,1134918.7532306495,0.22633402970122346,1
81.69551861714712,1585.58298615934,1344,12,2183742.494638473,0.1460163303097758,51.23196322447681,1350.1379097883587,1327,8,903735.6783799927,0.14138345624610382,44.680635506104764,1454.2071169215658,1345,8,1020911.5696908232,0.1391990911848354,58.39845993336007,1353.857995265536,1337,14,717603.93744411,0.22417572068160815,1
303.68404874479205,9835.95663561264,1373,14,219098073.97814977,0.053272140892342425,293.15826907289915,9717.139205060595,1378,12,216831516.7330276,0.05172757897145709,296.4510797149734,9856.964122546706,1375,12,216874884.9225303,0.05274413405627665,291.62633295857916,9641.436433935665,1380,14,212936546.42037368,0.05265396426626089,3
143.0738614685718,2496.5250058085,1337,16,17091122.959694322,0.0728930843927563,90.73690307507843,1964.9273500706615,1331,12,8138508.31365821,0.05873703730038722,71.50957560571035,1693.133968067388,1340,10,2993163.468993648,0.11804419625836958,98.00046043284,1693.7012254540903,1333,16,4355696.25594415,0.12680976116382248,1
106.77705198421819,1902.1060281353227,1335,14,6727089.877684419,0.09692530368415539,75.86675554543521,1705.261181733614,1333,8,3991254.146635753,0.08926095293299,47.04647377752299,1387.6491683749707,1345,4,974021.6641294908,0.1454423143134293,79.04215083800197,1537.994792482133,1343,16,2463980.8115395415,0.14434153502016037,1
117.6521380621299,1795.260867545517,1336,17,3505563.6936469125,0.16952075042810974,111.09016949384646,1698.910475243171,1331,20,3409916.68800019,0.17012269248326178,112.49808320262876,1663.613366237342,1336,21,5041471.583845564,0.1304363028651334,144.66209201746068,1851.311898930078,1338,23,4746258.515219383,0.20038681702163605,2
122.74724727173061,1754.1837339752333,1325,28,2924808.317391042,0.2171972668869533,102.71922946081013,1577.4166700970718,1323,22,1861675.7342019256,0.2534858287512006,99.46028356269905,1469.8320492921566,1326,24,1367702.0419299027,0.2542182501243502,139.2916530653951,1850.5371486566507,1329,26,4138510.5135281407,0.2499811829913326,2
123.38703383569872,1908.7296407095057,1331,23,4621337.738948138,0.18486614050087308,115.02601691714328,1733.2325035595647,1331,25,3728406.2742469977,0.21070517238442663,94.90731561421991,1619.8810140478138,1330,22,2319905.672987321,0.19076803523191754,126.14570314069051,1809.5552416129092,1331,24,5259151.674494557,0.19697662280706588,2
102.1027561888417,1534.9155362545598,1342,27,1844863.2750225014,0.2294471152856498,90.31356241427031,1529.0001022350136,1335,18,1669707.2192470536,0.20519971333035242,88.60986915759999,1515.666532812511,1335,17,1729708.0966255658,0.19326838268421004,131.0726682193043,1793.364797257675,1341,24,3303456.7192068393,0.23254979932576356,2
79.60853952987127,1892.730745730307,1354,9,5144128.215548664,0.09200490285369775,57.076130731406884,1688.0744563923963,1348,7,3319381.4402873297,0.07468659375318426,34.61935126839429,1318.797797772639,1341,7,593200.200993683,0.15782157944810163,52.84961606366672,1526.7232531658667,1348,7,1581107.6373107822,0.11547821572849702,1
71.09512520654984,1632.278979368158,1344,8,3112816.8956715264,0.1176137791477411,52.07310644809864,1482.1855822328575,1348,6,1915033.6190695183,0.08901496634746527,33.635421688258496,1383.329287288982,1348,4,653491.7170181216,0.12919478853798805,45.36711025831466,1448.2306837657713,1350,4,1060320.4738124902,0.15724728013521444,1
62.52291292670876,1322.907863469035,1328,13,644626.4432436065,0.27721835713735177,36.07947612533126,1289.0871493967088,1343,6,299674.91128654464,0.27552290494418125,37.66793227267566,1286.5059897887024,1341,5,329125.8941448079,0.2838064155842984,25.367133466676794,1272.8090399248213,1338,2,220202.3872104248,0.20106786158710185,3
165.115055373998,2315.4985299566524,1337,21,14517577.628185691,0.10256974434422868,99.3750398152856,1653.205559597634,1332,18,3340723.1093279016,0.15366031547672723,147.4353947354718,2028.6680072769675,1335,23,13902721.388653507,0.08139186260561766,156.6019216753592,2159.3347832327436,1348,24,11189521.713505624,0.14104207055743745,2
76.63188476209744,1444.2930890949065,1331,20,1093348.843159467,0.19906720338950346,40.927614757058606,1325.423435801806,1339,6,494756.1806455734,0.20020493260014674,45.24446135713484,1308.9310395210184,1337,6,300488.74296289735,0.2551044962601716,34.406621985605945,1281.0037887348653,1348,2,338876.4905910657,0.2112000497020778,3
79.30227650527881,1489.9701550825714,1329,14,1603695.735153389,0.1532765509682881,41.70900165026751,1365.6238719785788,1338,2,587145.0158243397,0.1652695715778688,46.67138580952774,1327.3149466194554,1343,6,441640.07589670736,0.21497880387107562,39.37601643014917,1384.3447248022735,1347,6,1267711.1292071603,0.08339375426305813,3
99.70716217232845,1566.379227489841,1330,22,1779912.3512780673,0.19057899994623598,85.12245744057712,1639.2986054864741,1333,16,2154639.2502569114,0.1680463051187532,80.98459606760892,1511.0090978376588,1342,16,1309603.0317993783,0.18343436472524055,112.97620636212031,1772.2721200592205,1346,19,3990458.0586625016,0.1581930137617424,2
95.9009040113862,1840.891925753279,1344,18,4291264.761081583,0.14304768204459775,70.02460297519883,1742.334768665623,1346,12,3521844.240310311,0.10221212274217292,41.469956936967336,1328.806162979373,1337,6,507814.04281690426,0.1919198536208985,55.22235852924797,1442.1338793979942,1339,4,1224748.4532284252,0.17641204207026942,1
95.31693091138449,1882.8620358917117,1339,11,4202122.969387661,0.11329726491790473,73.37624726476366,1739.0964266037226,1347,13,3391422.1056859815,0.10725077315653994,42.91547847666471,1412.6521879308655,1338,4,739217.0052826768,0.17279814313830139,75.61158940238587,1526.2752941718877,1340,14,1679861.9393947513,0.19520671916262178,1
104.84643627080791,1605.265122617107,1341,23,2241128.25394193,0.24543898960181668,50.49792818938914,1290.7381495334641,1341,9,487238.4304204677,0.27275063852838544,59.17210617665047,1377.8849402731448,1346,16,809786.2321493891,0.24197361649823926,39.611304223212095,1281.7766707097467,1336,4,499840.08861873916,0.19922729224156235,3
105.93207135868363,1610.4410956318404,1333,27,2107199.252449956,0.19157890072640066,55.78894861605071,1361.1501928154182,1338,7,631550.1976339141,0.2268349646345432,62.06803590035432,1350.0831516992284,1341,11,651187.4011255767,0.2662144422859072,43.81937196443799,1310.0415909693922,1343,7,508616.32460225956,0.23786016639870414,3
83.71999758365402,1358.0976723354313,1325,24,848739.4276861617,0.27863608295152115,44.22188730947058,1295.4826999876714,1331,4,310114.57033819804,0.3310977640513322,47.12116639448172,1275.6105453324603,1330,4,276521.67094041576,0.3143737580986191,35.28344398773512,1287.1718785116145,1338,2,315156.3125475126,0.2576634229459922,3
125.9782779247077,1844.886417025534,1334,23,5535675.667463778,0.1503175141787273,105.04783126294748,1625.952122888262,1342,25,2765167.146743824,0.2005404122135768,92.3968826526036,1436.9166503488816,1341,19,1442040.5055445223,0.22467363873962923,130.75550203542403,1830.9961042880304,1338,27,4605799.015483256,0.21317309857198952,2
103.41768074341137,1796.3874676696205,1341,20,4352151.316467243,0.12478981383254113,68.75191187834159,1647.0770269907086,1333,12,2633306.4497830058,0.09971026043841369,49.85703598862661,1322.9206814448614,1334,11,724655.2532361478,0.1866516493286103,72.75260308756762,1474.910254461731,1339,16,1832016.119418025,0.1797382621535613,1
75.499932952382,1658.560411518718,1343,12,2659689.20911079,0.14337199883122823,52.85580869850839,1564.8933053227568,1351,8,1913236.2430987232,0.09507159944376956,34.65673342828769,1335.9542558870437,1345,4,456201.0062828241,0.198905553725792,45.33489652423199,1403.521892384277,1344,4,915705.5127269649,0.15243729524178046,1
70.30283073517083,1483.4595960292693,1331,12,1275806.4483250247,0.15907200506592217,40.02232698285875,1320.8864463728662,1337,4,448033.18121059326,0.2484805207915638,41.6503818072896,1326.899082389377,1343,4,398586.4739446002,0.2642473565841971,41.04828129203301,1347.908792989376,1346,6,884075.1599595879,0.1335712295264218,3
66.75119305486668,1390.901616289293,1339,14,968864.4880127852,0.2567938341466948,32.08428811416725,1300.182220450759,1340,2,259175.11948103036,0.23635632686272176,39.920939630610086,1311.2480555724399,1340,2,313544.5134539868,0.28434967707564873,30.127873956579087,1296.1337254198775,1342,0,350633.31460885913,0.21146769076294686,3
114.46910557930102,1512.6966820732112,1326,27,1985124.389059562,0.29288854126285546,110.64205809659099,1526.3726173508321,1325,20,1640166.694215489,0.267688563359356,88.1571968751186,1416.8053127591354,1317,21,1128529.8153126983,0.26210529295291013,134.2406897148649,1867.2784249339259,1324,28,3646904.4087599306,0.24448334948568695,2
90.02266825233724,1544.668648892167,1331,14,1873883.529953685,0.20110032134492528,45.68661104357881,1333.9989510836992,1337,8,508783.99136678106,0.23713986826197864,54.29729935406809,1354.9455040805797,1335,7,577130.7447952537,0.2279170431036309,44.83338320378215,1302.3769912026864,1339,6,460149.59679485747,0.2594372983594886,3
112.80436828637797,1923.74134360866,1336,18,6591884.988437858,0.1143312240549267,85.98516973471594,1644.6233474791766,1334,16,3709128.7384387855,0.13232152249920648,79.47530723169315,1495.718180212265,1337,20,1840369.1724240168,0.16816568349908942,102.33804560265753,1905.4838218375787,1340,15,6755899.828471308,0.09456289756376215,2
104.0100821675215,1972.4055102173745,1335,17,7470824.912658877,0.08531631704436131,73.74012005877388,1749.565052377762,1334,15,4393544.206808013,0.09121784212553247,50.128986478109624,1360.137510365595,1329,8,780061.3704100817,0.18568588544816642,88.63176383974155,1514.5712976950344,1338,18,2137795.3725444726,0.20284207628838297,1
87.85956844987771,1489.6365519496426,1340,16,1898153.6691331982,0.21038479817746225,44.45062555977947,1315.365737697614,1344,4,459247.8265253696,0.23386265706816303,48.6507432315881,1328.6889840908834,1342,6,672157.8537771498,0.2063638547808236,39.92913960673148,1325.9053491856614,1349,4,575256.5972669412,0.190564476262854,3
137.22589532089117,1645.2070249958902,1326,29,3142069.4452517256,0.30379262096576687,120.65869811035813,1602.3164638298956,1314,27,2843820.0296747107,0.24068299816765149,99.99161528544249,1470.5018271522472,1319,24,1665192.4083793133,0.27681550460113497,150.17835472205715,1833.6997130566376,1327,26,5023246.297402877,0.2435027860305223,2
359.85784699197677,11860.33024373319,1370,12,307201359.6224751,0.056027550585534755,341.1547866435913,11746.134888483419,1377,14,301843841.22846216,0.05469279081750796,327.4799771052362,11411.408185551685,1376,12,299095287.4388915,0.05004015811537739,338.47365402836675,11547.12394879624,1369,12,299925458.66866297,0.05593928308735787,1
78.84978168461913,1476.3795846791968,1344,18,1579551.111477001,0.1660504500400746,36.76996203709384,1291.5426526873257,1339,4,325588.75732883345,0.2108683705597268,46.700348020807056,1334.739537587201,1340,10,582145.3427897474,0.17960367819799283,30.283911639165172,1312.4908070634754,1343,4,411445.5071843088,0.15250499516358168,3
173.5186027227763,2322.516147281299,1337,24,14297608.488717362,0.09245792202958049,143.14346766427346,1926.0806901690055,1333,22,7437807.156427349,0.11292179929064577,105.24464570392517,1637.0810697053932,1327,25,3476301.131012618,0.17259671985050268,189.07184804490754,2365.805941612295,1335,32,11521274.865023373,0.18852708961546433,2
113.83278639078061,1820.5760520339963,1328,19,4905247.873145329,0.12978445152416926,76.84725904258802,1621.760576317311,1328,9,2754830.85671632,0.13574864953239932,55.42960158423517,1358.4263270101853,1334,7,753456.8421786244,0.21623664692250325,90.47443391937772,1644.9999636480627,1328,17,2703586.188357864,0.18912055040616094,1
182.00721995532177,2390.956791741987,1327,31,14837183.67224071,0.1358544326189209,126.4992011394671,1780.0211252726608,1331,27,4318753.507981807,0.20281680782783862,131.16168226781576,1832.1732001316536,1330,26,5318850.157329819,0.18684483117381265,192.8456341392182,2334.183396456865,1339,35,10323743.271018665,0.24029333335981076,2
108.57833765719693,2026.54086775954,1340,15,7782566.01905982,0.10234381353590723,76.6419910091379,1730.551718947522,1344,15,4137998.5441817353,0.10429574420595994,52.779234890711585,1370.5003273430973,1339,10,919963.906732947,0.17831842519711674,90.00254909457225,1559.53441103626,1338,19,2571779.6279285527,0.20020452270072417,1
85.41587892346487,1510.5448320577027,1332,16,1729389.4475314359,0.21968977379110718,44.033396452360876,1317.2976717068896,1341,6,519799.92432401114,0.21861779422591884,48.21108734740516,1328.2974450100078,1332,8,520831.2859112422,0.24069842631879534,49.64981010961105,1395.0711506820064,1341,10,1209285.7262879228,0.15959354147933577,3
84.24810703032684,1528.5968255875985,1343,18,1931822.4493923306,0.19718945903720725,40.903924277454884,1288.7751059649197,1342,7,317573.8540566328,0.2888709138814889,55.70537664002099,1404.210041041391,1333,8,1022261.7337062221,0.16218813549185918,50.58353090747681,1436.2014055787217,1349,8,1575142.6363336304,0.11799170713371106,3
125.97805240077196,2105.3017048264937,1341,12,7077137.365551351,0.12737931238491945,77.81703505357238,1829.8008193311512,1339,10,4231991.886811613,0.09308086314323535,63.282388961583926,1397.286121637663,1331,8,871907.0638241686,0.2336005634601346,89.37980117651698,1589.695137736825,1342,20,2478395.650857268,0.1923657364047766,1
101.71250224267311,1637.0002574827429,1345,23,2257604.6149581303,0.24216141695897117,50.87462474737136,1324.088617199557,1343,11,628352.3506954587,0.24535687843454312,58.06747387818981,1360.9023851956758,1343,9,663605.0401565058,0.2757028697664371,50.88825403815743,1342.6667341358989,1348,11,883129.5773132584,0.1989223508681769,3
102.07580475437899,1811.2325242407514,1346,21,3848255.368352632,0.16994554819747168,76.18310674559977,1540.9348237168635,1336,21,1804196.2608736907,0.20468236155059652,67.86775448334006,1412.0061752897695,1334,15,1036968.6976209558,0.18193567006600175,123.9524911179179,2026.1626608229042,1345,20,6675420.409406488,0.15264356472857318,2
119.03340108209485,1719.429955919723,1341,21,2998547.6951536173,0.2359494579174213,102.76687060111435,1562.53044235057,1327,23,2208690.123191043,0.2374883534921028,98.32165615600546,1545.4400034780056,1324,12,1819175.2467884296,0.2200973238443558,170.97344565663815,2278.616983658581,1341,29,8630989.053570578,0.21426222847300558,2
73.13700779709004,1519.6562633695796,1342,18,1869008.804722452,0.1780787747165554,61.79508825830565,1549.6969397836458,1343,10,1848493.4367708806,0.1524208271987504,37.633945937116,1331.4690880360988,1340,4,459007.8383400712,0.20842895240590745,82.85325819379821,1631.6845230378244,1347,12,2605595.079048516,0.10973741154130892,1
104.08073489040275,1967.3140588556278,1334,16,6318805.144115492,0.106081231254065,65.95549955900499,1674.9980832044282,1333,10,3145954.943259157,0.09415410931993883,55.07376769904867,1384.218230215955,1336,8,863828.9610390408,0.20126451691639793,79.22585294101147,1550.4846454216633,1336,8,1928681.1796826373,0.18073046466824103,1
89.39482967816585,1464.1535401751423,1337,26,1347779.3347655132,0.2951783832747267,41.9461152244467,1295.343949643992,1335,8,360989.95137848676,0.29992191621078557,55.14400513972829,1305.1968309714894,1340,12,503703.6204712038,0.30041275734182926,49.15469152988614,1381.7112320449871,1341,10,1229521.3759336392,0.1638386366775393,3
167.7621408695925,2284.866146228058,1334,23,14532054.528690433,0.11188763127077421,133.56141156996983,1779.1552306545832,1335,24,5072416.605607216,0.19203473675388577,109.00223619049032,1680.1803568537428,1341,25,3899896.874140347,0.16931131326289126,191.64266013318033,2459.5818048049246,1341,31,15088577.834800884,0.15626267138696645,2
67.75654586341983,1377.0209472619656,1333,18,899660.3800292895,0.20926472550708186,34.03463944058378,1295.7934731967957,1336,2,291480.4878696713,0.24421450965092184,41.62214363718118,1321.3677085459178,1337,6,370691.0381607698,0.2723523102805444,30.685798524576665,1296.430864622992,1347,2,329877.13600130955,0.20002493833462803,3
81.5166877380152,1471.7750700648871,1329,12,1641006.0480752632,0.21757366722537316,39.83087020968544,1297.4344832038896,1330,2,347822.88806395733,0.25427278779804824,47.805905914368125,1366.7882450939103,1335,4,600125.2566859616,0.20445357882459086,36.02474755701767,1342.0086658463472,1343,2,828114.1104384109,0.11971918315228564,3
77.38035146720787,1481.5383096276835,1336,17,1499476.373646583,0.2605257040279767,40.948705489960325,1301.4576996818969,1333,5,425217.0498583944,0.25737779591437165,47.545974911520105,1333.0182347472232,1334,7,450374.7380555281,0.31059741069276203,49.93603024073022,1366.1227726454,1335,9,1137140.3671471027,0.14879355366099964,3
125.6239931971538,1809.1900869727963,1332,17,5247939.241204552,0.13673622145862172,60.5385933788441,1357.740506247921,1337,8,1069704.17715559,0.1963764094332118,85.9736156711951,1514.021282103828,1334,17,2267165.598369182,0.14152560552538487,70.9202353381793,1514.0199904419994,1346,10,2559547.336447627,0.13459063055460535,3
137.52267670941794,1959.4403326118597,1327,24,7377235.20868821,0.1593827553398764,100.11745233908728,1482.6180183341573,1325,21,1876065.2757216154,0.25642914741325573,112.17400734628309,1632.9746428329138,1321,26,3113997.912890592,0.1845496673261335,185.49912068867397,2116.12176176096,1323,31,6084920.267105337,0.2600849061805574,2
112.37793985030396,1776.7666466880517,1337,20,4095671.790357437,0.1672722130391356,90.77677552181896,1531.5638159457903,1335,20,1879600.0279708,0.21165943888163175,78.69541064805614,1480.863332309706,1334,11,1625271.5646506217,0.184425116739812,160.304773247643,2060.9559612233297,1333,24,8094910.620271271,0.15690023392570968,2
103.44805981677465,1597.2752889556198,1339,25,2143541.8495650683,0.20340898412128952,82.30400665543144,1426.286454800412,1333,15,1278618.114466378,0.22573884792047674,67.78170368785462,1423.2432376581514,1328,12,1014923.867184455,0.19496291252472575,128.72081042439834,1896.0200321527118,1338,29,4649651.866074262,0.21106639007353165,2
99.223018760308,1914.184602080527,1337,10,6803182.91349172,0.07847024055933763,65.76623480194375,1660.178179872678,1343,8,3724669.546534656,0.07724286623733698,48.60793068405595,1386.6142071885001,1337,6,799056.1825077285,0.1521960133232453,63.373218954678826,1527.2816282249669,1341,10,1793268.1223074244,0.12953312889928378,1
142.59306654153545,2060.8657748248115,1333,30,7527134.409104441,0.16112436068962746,118.91618974443625,1699.316125596958,1318,27,3654138.539635012,0.20987956142300443,117.69458850212264,1757.2926595357926,1325,26,5198851.870313742,0.1745805595019134,196.89967210229008,2495.003182475633,1333,33,12834185.684871148,0.19743253999194096,2
73.04663701099231,1626.464445732299,1340,12,2798049.539268399,0.11946609347298245,35.22338796712491,1336.7438624161157,1339,2,491037.65032387566,0.1697750088641484,45.97201788797705,1451.5444265967571,1349,4,1154819.6047072695,0.12514228887520815,45.1299280048702,1499.1888443618823,1344,4,2291613.2879040306,0.057313613950495716,3
74.55485158189089,1740.8820488701099,1347,10,3611220.5466625416,0.09011190198164014,53.175543503852055,1502.7385483705789,1355,10,1723413.0775598362,0.1102051756950374,31.77175977677345,1343.1348626785903,1349,6,483305.53904851776,0.13631299187215679,51.2729315050883,1465.6942238140844,1351,10,1410436.2340118592,0.13123714352740914,1
61.52593123126769,1481.581473441873,1342,12,1629031.729309597,0.11087638846617152,43.24854285538961,1380.7570801236734,1352,8,860179.4362843453,0.1413654282752102,27.830441748153213,1290.532436759058,1343,4,264270.6281173439,0.17846722087311187,39.289313030926756,1360.756844548947,1351,6,660463.7590637066,0.14973860211052142,1
129.66483898723627,2175.7434564932923,1332,21,9446219.83511025,0.11886430267212306,99.13398710972106,1672.1089754427019,1320,19,3134122.0226671943,0.17126018970744042,94.6264900099612,1743.9143702743029,1331,12,3330428.6038098056,0.158806040776537,183.99509949876057,2312.685907589354,1333,24,8973605.362668026,0.20593898087963525,2
63.6094790911856,1558.512089783918,1332,10,2111721.1508526886,0.10266153897781019,44.53109409777031,1467.4821604719912,1341,4,1229050.3433836284,0.11015315520449093,36.806964805630926,1360.3687938382673,1344,2,519435.38782863185,0.141390458873164,45.31492925646845,1316.7376780012266,1338,6,466408.08536843234,0.21545591480726403,1
258.9521781641185,8481.761118373404,1372,11,162219131.24581113,0.052575291456352986,249.35767383631327,8470.947852230314,1372,11,160344407.56511188,0.05173006877254103,246.413297084549,8305.024234808701,1373,11,162535516.68719542,0.0435132795554757,251.95927503056748,8431.335313264883,1370,11,160925305.58292794,0.04988355456383442,1
97.21615836324327,1904.8137924258472,1344,17,5538662.031376677,0.09801594240194873,58.96319045226809,1592.023829042845,1338,10,2359730.907896266,0.09566003733134522,49.054451152444464,1421.1445079024338,1332,9,900612.1238012947,0.1370951504267327,74.25401843443241,1588.9692185299023,1342,14,2294111.0381777096,0.14891177956054671,1
129.4811633094484,1829.0723284865317,1337,20,6108872.529329062,0.15707510996781668,78.59701748908604,1606.4503373668026,1343,12,3560990.403325643,0.11227881164490763,69.45409989384527,1426.775406489702,1333,14,995617.1456452663,0.20700864746645364,88.559655646313,1528.998572556581,1343,16,2683879.1840513544,0.17801518050816648,1
120.9597062510993,1982.860231947593,1343,20,8267473.2849510955,0.08854963513861538,80.0629498424703,1714.410067726278,1343,7,4062645.4989391873,0.08950470676862012,63.50043467618975,1427.8369093039057,1339,9,1251636.891139176,0.1630313447104415,81.77800289357168,1641.8070912520168,1343,12,3165916.87785023,0.13441571634461355,1
80.27179399451374,1632.5069519100246,1342,14,2607384.0110439947,0.16268858349562432,37.6512981280026,1362.7254499792616,1345,4,723706.7475654047,0.13416769004281698,48.82870834814019,1356.2099721073355,1340,8,727025.7258493829,0.20153961726901734,30.938196329048875,1295.4997420500567,1340,6,428511.60692036717,0.14142261961810554,3
108.82849838515585,1803.3932170313224,1349,20,3883436.0546862874,0.1576029387228536,46.5847873437852,1344.7499036775855,1345,6,833061.9697151522,0.1690425391986431,67.5073823071708,1472.114084034625,1349,14,1308567.250388386,0.19243505803935976,38.75229069137779,1366.6830067540302,1343,8,773913.9761257664,0.11858546169123658,3
137.24408484214385,1788.3432267670235,1333,22,4239109.62019715,0.19209079231801512,97.64885687488864,1474.0673063957522,1337,25,1913770.2951110108,0.2601281804831043,97.81122953736293,1509.2799321018592,1330,21,1760594.3494625746,0.19087552511246614,155.14187437552488,2125.150038195408,1343,24,7136395.662943893,0.1671591374312682,2
64.73606127422761,1384.8415889840867,1334,10,1029237.1660355289,0.2588317988270205,32.806198624809625,1305.9404037936358,1334,2,326198.18620126066,0.22346133696939507,39.94161266205704,1283.963572024891,1336,2,296871.02358324284,0.3051594292820203,44.893184291808765,1344.574419066168,1337,6,715903.2822692265,0.19512957532479364,3
56.93987637953743,1454.950345708298,1338,9,1325479.2112079212,0.12985442966952773,30.79876152344607,1278.5713506326413,1338,2,267862.03183737764,0.23555527306278287,35.203557360797404,1349.4741215285208,1335,7,567249.493404847,0.1172195235906904,36.683710639183325,1363.8148226437288,1349,6,777789.5723975382,0.10040318097492748,3
164.97763652098152,2500.348865602606,1337,20,18364982.227551345,0.085416936659174,120.01601598195109,1892.1694179491938,1331,24,5863875.697669002,0.13001823419813896,105.57540432087578,1679.727046963889,1334,17,4540960.450217986,0.13746425365878373,196.62613209822032,2737.414160511538,1346,24,19133453.249801397,0.12845405781281105,2
73.78836245526921,1550.7172574205613,1354,17,2073905.269326932,0.14260931377033814,50.5399901220667,1399.8414485547355,1352,11,1200691.7537647004,0.11594180321733641,33.06718882754865,1301.467229642562,1352,5,358733.3840381404,0.17812086824363804,40.72751342793992,1298.7915990287754,1352,10,747836.7142574415,0.17214342461618626,1
70.21935822876725,1463.9949089641032,1338,15,1272136.543838987,0.16682998806550123,40.340157984575015,1284.6630714846806,1340,7,379131.73911419424,0.20693027709579634,42.70891886167618,1331.7552580092572,1339,7,439429.5532848804,0.22247809170407443,49.701440123376784,1313.5342435779605,1344,6,453185.1226297749,0.26541602174676504,3
86.22245240932332,1744.7480097348273,1339,15,4045170.867400453,0.1045830129430304,59.297909973536775,1504.5444738016215,1350,7,1973106.8750877092,0.1042764032795731,36.17566488281066,1302.060671869948,1344,9,565478.2688820779,0.15413221359553236,58.050483031576086,1482.0304723651986,1350,9,1990988.8292191227,0.11371004150070764,1
104.2396264862844,1803.6205781925999,1350,15,4747124.026445921,0.11466927237939951,76.68047156575996,1574.4268882427232,1347,12,2520016.143557515,0.10058232841637768,50.09529618508852,1356.812482283278,1348,5,918555.2359955955,0.14102874551329905,65.76145822175553,1526.8825585934114,1352,6,2140850.194943357,0.10747172077607133,1
164.66316210744023,2440.1011711985666,1341,19,20307689.639420107,0.06722400932412832,122.8630286724338,1853.5035436015912,1341,21,6143728.053707184,0.11431631099561357,105.24897500816024,1833.064301848163,1344,16,5847738.91693373,0.08975463781037149,178.2001067024093,2585.3744086371444,1343,25,17438620.242358487,0.10173781541237589,2
119.27396838058094,1823.3816164534837,1339,15,4318770.003380589,0.18735034639037856,98.70647063745787,1572.3972545182758,1335,22,1912971.212740274,0.24438847083385315,92.6114441786899,1477.3002844933928,1332,21,1516810.1593586388,0.19859404151236623,174.2356293386086,2225.0326645235646,1334,30,9118018.331362695,0.180333296697562,2
89.28879166357278,1627.4963460942495,1342,16,2737836.3878251775,0.19892139341026666,39.1130840429347,1326.4082858226402,1346,2,446586.0032716116,0.2369984636745639,53.63421956814023,1434.505855135908,1338,8,1055237.2251076337,0.18680818517589798,39.60722038373785,1320.0232191690536,1340,6,596277.6727659953,0.18725912311275045,3
66.25627073845708,1402.7115583937732,1334,16,911993.0361476901,0.18522535604703777,29.69639298095211,1294.8716057600193,1338,2,168501.04443788825,0.25117747755323816,42.03314754903961,1316.4204156466237,1339,4,358983.2798265211,0.20853027257452247,32.01853091496395,1275.1115103992395,1344,2,208222.8696778707,0.2729401887602529,3
145.5964365472171,1906.6708049066783,1340,24,5799813.942360863,0.1409276038597897,119.67291383630517,1594.9673006961405,1335,25,3234458.2826569444,0.1758026463364818,133.07806019242216,1810.1993964644053,1335,24,7299088.578068677,0.1188076324828887,159.74701735295346,1970.5854029274778,1343,31,4979159.046914192,0.21791308699967119,3
133.2867668787298,1623.5805892256747,1331,30,2890399.746019096,0.2380390133354946,107.38605152048278,1433.1405772090284,1332,28,1469332.6541920702,0.28595615826336784,95.9385628047716,1462.9828904767853,1334,20,1449066.6470280613,0.270006377831478,148.3160859009776,1760.3085826810416,1332,31,3507352.1068146527,0.2789272917101587,2
105.289441055176,1734.02956035354,1345,17,3968224.3495787443,0.1375685802854184,90.57669132061828,1547.6937821338265,1336,23,1976239.6621486861,0.1464746227180989,66.05717140861388,1382.0240903508607,1341,10,1051136.8451338261,0.19478197105787196,115.68114016976357,1895.829970623209,1345,20,4829562.737542376,0.13851487360486142,2
120.67318835367041,1889.101751023616,1345,21,5715121.007106864,0.11500364010590187,89.99268635939616,1519.1942929613338,1331,23,2271833.0282843877,0.1352558316594014,78.16720226365274,1514.9499228559212,1336,18,1705753.1820538181,0.1464731400527977,130.85408148647943,1808.8294730873974,1338,26,4118377.0610566507,0.18843008724238988,2
66.31344791721078,1436.6491917588587,1348,14,1793385.4902844334,0.16668581025394405,45.57107775290109,1399.9295111214176,1352,4,1198855.3432532572,0.13960366034139227,33.37767118217106,1307.784746890785,1349,4,341839.8850277422,0.20294808690075686,42.43132042362271,1358.4111799070852,1347,6,1019201.1174481155,0.12499102667081542,1
121.22238356464044,1921.1386759818363,1348,25,5375601.247407719,0.14773846994713405,81.99782246348542,1525.0752578004647,1338,19,1805634.5234484798,0.15937749000571547,78.6683912051374,1500.0606693473264,1344,19,1712434.9720231248,0.15318174873512905,135.22964945493442,2179.1432644050915,1353,22,7160510.27372898,0.1435308230644503,2
90.02322094839639,1489.260108253182,1338,19,1508643.965980546,0.2762986222272077,38.71155241148165,1301.9348795239785,1338,9,376653.8209616795,0.23988787734857406,56.38376186150995,1306.2939911782876,1340,11,520375.2236967885,0.310689625142993,40.69643539149185,1314.3532967240617,1342,3,480270.2729540314,0.21153993323265302,3
117.51598182435484,1722.2745859284194,1326,21,3203344.169379727,0.1762040210964182,73.36528161513651,1370.465687824692,1330,16,839678.7437859331,0.2544191456426007,90.81107880162162,1547.9443758024142,1328,17,1910423.4959736844,0.16156563164361198,138.93663010419513,1752.5707891413304,1341,30,4782853.862185015,0.2126829504183612,2
71.68977522798592,1506.143643355659,1347,12,1618920.2724927664,0.19336134583430584,46.948163944973714,1349.267882972927,1343,8,722702.0637305137,0.19969918603246511,38.35674823667843,1329.3961117784265,1345,8,481025.84310346266,0.1510691352979895,47.540182325468955,1428.8652063176314,1342,10,1025687.0740255032,0.16003778647693132,1
121.63719009955813,1914.0793777299043,1343,20,5732774.941936352,0.1280783953142597,87.5734257920824,1523.5082892627258,1335,22,2336639.1150666163,0.14365939108353087,66.29333639004125,1419.3144593273494,1338,14,1201051.369087448,0.17418184319206353,149.58736571969493,2162.1201584791434,1343,18,9132762.497197397,0.13267625395988164,2
93.74656172010545,1925.0124430107705,1347,14,6452485.408166365,0.06878918174999586,53.63079009663621,1605.0075615294397,1337,6,2220222.008685827,0.06421157043844783,50.41072238371431,1513.9816209774688,1356,4,1530981.745319742,0.0883767157907337,55.353398678449906,1479.932354321868,1353,12,1832873.1181530398,0.11420222770367953,1
56.29399571201892,1408.9593334802,1352,12,1489957.8353200944,0.12209713291020806,39.432505790450406,1363.495419445329,1350,6,902377.8801141268,0.12294511194511742,30.313934293971908,1300.8799850715036,1352,2,373856.50432102673,0.1580323715081959,33.15087905553222,1301.570028829956,1344,6,454969.9318382355,0.16518115485669033,1
83.96354315625709,1807.1586796008096,1343,15,4148680.6459336327,0.1034966825866177,49.19224879805552,1713.9342115198901,1353,9,3272685.3240967905,0.0597288261537202,57.870038605531654,1717.8609314513103,1350,9,3510096.9034054014,0.08115175086288176,51.14670847960938,1730.9702419358591,1353,9,3236561.1810299954,0.07617986308834396,3
